SNP,Chr,Pos
snp001,1,92124
snp002,1,96228
snp003,1,192895
snp004,1,600362
snp005,1,614978
snp006,1,688548
snp007,1,713762
snp008,1,1246648
snp009,1,1400449
snp010,1,1586965
snp011,1,1770595
snp012,1,1800414
snp013,1,1869890
snp014,1,2199304
snp015,1,2387821
snp016,1,2787422
snp017,1,2976134
snp018,1,3141520
snp019,1,3486805
snp020,1,3661495
snp021,1,3926574
snp022,1,3983413
snp023,1,3987051
snp024,1,4025978
snp025,1,4896423
snp026,1,4913987
snp027,1,5467936
snp028,1,5469161
snp029,1,5587056
snp030,1,5597361
snp031,1,5661790
snp032,1,6201977
snp033,1,6286531
snp034,1,6764419
snp035,1,6864625
snp036,1,6904115
snp037,1,7296907
snp038,1,7798976
snp039,1,8989420
snp040,1,8990960
snp041,1,9063464
snp042,1,9100026
snp043,1,9145623
snp044,1,9308097
snp045,1,9436756
snp046,1,9442461
snp047,1,9668745
snp048,1,9733840
snp049,1,9806374
snp050,1,9810247
snp051,2,209925
snp052,2,269791
snp053,2,397941
snp054,2,411059
snp055,2,556313
snp056,2,684468
snp057,2,1294250
snp058,2,2032971
snp059,2,2108230
snp060,2,2164785
snp061,2,2187057
snp062,2,2590667
snp063,2,2797208
snp064,2,3000675
snp065,2,3085207
snp066,2,3238073
snp067,2,3603370
snp068,2,4141457
snp069,2,4179826
snp070,2,4208357
snp071,2,4315013
snp072,2,5115418
snp073,2,5160878
snp074,2,5269424
snp075,2,5987539
snp076,2,6179673
snp077,2,6477287
snp078,2,6548833
snp079,2,6820398
snp080,2,6834148
snp081,2,6865851
snp082,2,7003244
snp083,2,7026775
snp084,2,7168712
snp085,2,7207480
snp086,2,7317354
snp087,2,7318147
snp088,2,7427903
snp089,2,7560233
snp090,2,7973221
snp091,2,8038728
snp092,2,8441128
snp093,2,8531133
snp094,2,8550371
snp095,2,9236327
snp096,2,9519004
snp097,2,9665210
snp098,2,9741690
snp099,2,9902536
snp100,2,9903089
snp101,3,144862
snp102,3,483667
snp103,3,708960
snp104,3,965862
snp105,3,990866
snp106,3,1270727
snp107,3,2113766
snp108,3,2178435
snp109,3,2211079
snp110,3,2334677
snp111,3,2444394
snp112,3,2801636
snp113,3,2888386
snp114,3,3267871
snp115,3,3324257
snp116,3,3525919
snp117,3,3706862
snp118,3,4636283
snp119,3,4662653
snp120,3,4826742
snp121,3,5124528
snp122,3,5801902
snp123,3,5934719
snp124,3,6111053
snp125,3,6120962
snp126,3,6193103
snp127,3,6252360
snp128,3,6318612
snp129,3,6393064
snp130,3,6446253
snp131,3,6629814
snp132,3,6708082
snp133,3,6832462
snp134,3,7098845
snp135,3,7529833
snp136,3,7659834
snp137,3,7800922
snp138,3,7985277
snp139,3,8072972
snp140,3,8159693
snp141,3,8211243
snp142,3,8474348
snp143,3,8664284
snp144,3,8743846
snp145,3,8913238
snp146,3,8916177
snp147,3,9464308
snp148,3,9541942
snp149,3,9793844
snp150,3,9871399
snp151,4,143790
snp152,4,215298
snp153,4,861539
snp154,4,1063504
snp155,4,1175213
snp156,4,1400296
snp157,4,1521385
snp158,4,1623992
snp159,4,1776064
snp160,4,1832004
snp161,4,1853252
snp162,4,1897063
snp163,4,2073652
snp164,4,2102061
snp165,4,2607500
snp166,4,2759022
snp167,4,2922692
snp168,4,2966880
snp169,4,2972212
snp170,4,3388699
snp171,4,4156893
snp172,4,4628007
snp173,4,4887246
snp174,4,5763714
snp175,4,5847675
snp176,4,5861869
snp177,4,5869377
snp178,4,6176921
snp179,4,6537047
snp180,4,6705352
snp181,4,6735737
snp182,4,6835104
snp183,4,7313463
snp184,4,7328674
snp185,4,7461750
snp186,4,7606458
snp187,4,7629057
snp188,4,7783138
snp189,4,7882831
snp190,4,7906929
snp191,4,8264710
snp192,4,8319684
snp193,4,8509126
snp194,4,8630720
snp195,4,8798469
snp196,4,8809686
snp197,4,8828288
snp198,4,9096516
snp199,4,9137700
snp200,4,9339997
snp201,5,149937
snp202,5,295819
snp203,5,501801
snp204,5,514278
snp205,5,765978
snp206,5,799439
snp207,5,981226
snp208,5,997737
snp209,5,1000708
snp210,5,1019682
snp211,5,1624750
snp212,5,1718164
snp213,5,2104846
snp214,5,2743399
snp215,5,2832988
snp216,5,3004350
snp217,5,3121799
snp218,5,3143465
snp219,5,3893393
snp220,5,3924186
snp221,5,3950365
snp222,5,4108268
snp223,5,4428997
snp224,5,4717928
snp225,5,4866039
snp226,5,4884321
snp227,5,5092063
snp228,5,5326343
snp229,5,5448802
snp230,5,5629551
snp231,5,5647727
snp232,5,5648260
snp233,5,5664461
snp234,5,5885332
snp235,5,6263387
snp236,5,6348906
snp237,5,6429190
snp238,5,6853941
snp239,5,7384612
snp240,5,7454404
snp241,5,7747039
snp242,5,8073811
snp243,5,8329423
snp244,5,8558784
snp245,5,8671360
snp246,5,9401842
snp247,5,9406745
snp248,5,9725762
snp249,5,9783266
snp250,5,9879556
snp251,6,77073
snp252,6,189424
snp253,6,498468
snp254,6,893079
snp255,6,1051256
snp256,6,1364126
snp257,6,1409439
snp258,6,1803843
snp259,6,2108203
snp260,6,2833844
snp261,6,2931494
snp262,6,3214577
snp263,6,3332190
snp264,6,3527382
snp265,6,3595174
snp266,6,3666122
snp267,6,3916783
snp268,6,3965265
snp269,6,3987473
snp270,6,3990185
snp271,6,4319603
snp272,6,4462812
snp273,6,4786583
snp274,6,4825715
snp275,6,4887608
snp276,6,5054478
snp277,6,5246669
snp278,6,5346931
snp279,6,5387394
snp280,6,5818490
snp281,6,6019293
snp282,6,6592803
snp283,6,6681608
snp284,6,6875907
snp285,6,6988445
snp286,6,7046512
snp287,6,7067466
snp288,6,7217001
snp289,6,7229983
snp290,6,7931585
snp291,6,8281406
snp292,6,8300531
snp293,6,8689054
snp294,6,8823165
snp295,6,8840909
snp296,6,9107522
snp297,6,9120996
snp298,6,9165003
snp299,6,9306837
snp300,6,9575748
snp301,7,110208
snp302,7,675027
snp303,7,846426
snp304,7,970313
snp305,7,1088065
snp306,7,1381487
snp307,7,1698482
snp308,7,1724490
snp309,7,1728359
snp310,7,1758132
snp311,7,1862431
snp312,7,2114358
snp313,7,2650735
snp314,7,2906404
snp315,7,2976465
snp316,7,3017393
snp317,7,3355257
snp318,7,3411910
snp319,7,3524977
snp320,7,3545834
snp321,7,3597016
snp322,7,3603966
snp323,7,3637388
snp324,7,3820600
snp325,7,4105373
snp326,7,4232359
snp327,7,4590472
snp328,7,4652007
snp329,7,5304066
snp330,7,5383773
snp331,7,6221629
snp332,7,6334126
snp333,7,6453164
snp334,7,6932225
snp335,7,7236096
snp336,7,7317663
snp337,7,7498816
snp338,7,7550537
snp339,7,7671949
snp340,7,7791336
snp341,7,8152851
snp342,7,8304397
snp343,7,8805185
snp344,7,8883582
snp345,7,9012389
snp346,7,9059871
snp347,7,9118694
snp348,7,9156077
snp349,7,9656395
snp350,7,9880512
snp351,8,62601
snp352,8,339026
snp353,8,488274
snp354,8,606724
snp355,8,676826
snp356,8,862462
snp357,8,876920
snp358,8,1206777
snp359,8,1214276
snp360,8,1395053
snp361,8,1567698
snp362,8,1568455
snp363,8,1766582
snp364,8,1836432
snp365,8,2124451
snp366,8,2234742
snp367,8,2260294
snp368,8,2490807
snp369,8,2544620
snp370,8,2914875
snp371,8,3032848
snp372,8,3051390
snp373,8,3761413
snp374,8,4127045
snp375,8,4219720
snp376,8,4229310
snp377,8,4336983
snp378,8,4655568
snp379,8,4718186
snp380,8,4723468
snp381,8,5624981
snp382,8,5857639
snp383,8,5879091
snp384,8,6071897
snp385,8,6079566
snp386,8,6353960
snp387,8,6490878
snp388,8,6538064
snp389,8,6627855
snp390,8,6670222
snp391,8,6711193
snp392,8,6834775
snp393,8,7046476
snp394,8,7175176
snp395,8,7898700
snp396,8,7902826
snp397,8,8441219
snp398,8,8686718
snp399,8,9416643
snp400,8,9594388
snp401,9,169944
snp402,9,264962
snp403,9,431970
snp404,9,526640
snp405,9,552334
snp406,9,582635
snp407,9,960120
snp408,9,1451360
snp409,9,1643226
snp410,9,1790874
snp411,9,2266213
snp412,9,2298914
snp413,9,2912688
snp414,9,3037036
snp415,9,3205332
snp416,9,3279263
snp417,9,3564967
snp418,9,3568614
snp419,9,3724139
snp420,9,4002878
snp421,9,4356524
snp422,9,4658473
snp423,9,4696883
snp424,9,5116749
snp425,9,5179293
snp426,9,5370967
snp427,9,5414277
snp428,9,5700503
snp429,9,5767142
snp430,9,6009494
snp431,9,6040757
snp432,9,6246724
snp433,9,6310270
snp434,9,6329177
snp435,9,6373038
snp436,9,6496946
snp437,9,6970235
snp438,9,6996013
snp439,9,7560900
snp440,9,7609045
snp441,9,7757905
snp442,9,8506069
snp443,9,8536407
snp444,9,8583710
snp445,9,9002935
snp446,9,9248529
snp447,9,9270198
snp448,9,9556083
snp449,9,9586791
snp450,9,9869347
snp451,10,331578
snp452,10,382981
snp453,10,449536
snp454,10,450296
snp455,10,561003
snp456,10,923386
snp457,10,959729
snp458,10,1294620
snp459,10,1555671
snp460,10,2044599
snp461,10,2161288
snp462,10,2530815
snp463,10,2607701
snp464,10,2729851
snp465,10,3150644
snp466,10,3766936
snp467,10,3811988
snp468,10,3987677
snp469,10,4270648
snp470,10,4337571
snp471,10,4442654
snp472,10,4529797
snp473,10,4617265
snp474,10,4949571
snp475,10,4983353
snp476,10,5128000
snp477,10,5396330
snp478,10,5462276
snp479,10,5598734
snp480,10,5965750
snp481,10,5979840
snp482,10,6214016
snp483,10,6217397
snp484,10,6516944
snp485,10,6925685
snp486,10,7067444
snp487,10,7316684
snp488,10,7834428
snp489,10,7862940
snp490,10,8031495
snp491,10,8153841
snp492,10,8290170
snp493,10,8339309
snp494,10,8653680
snp495,10,8820686
snp496,10,8888994
snp497,10,9140934
snp498,10,9724367
snp499,10,9868635
snp500,10,9972137
